code,em,textcode,em,texttypeahead-focus-on-select,,_(Defaultstrue) On selection, focus the input element the typeahead directive is associated with
typeahead-focus-on-select,,_(Defaultstrue) On selection, focus the input element the typeahead directive is associated with
typeahead-focus-on-select,,_(Defaultstrue) On selection, focus the input element the typeahead directive is associated with
typeahead-focus-on-select,,_(Defaultstrue) On selection, focus the input element the typeahead directive is associated with
typeahead-focus-on-select,,_(Defaultstrue) On selection, focus the input element the typeahead directive is associated with
typeahead-focus-on-select,,_(Defaultstrue) On selection, focus the input element the typeahead directive is associated with
typeahead-focus-on-select,,_(Defaultstrue) On selection, focus the input element the typeahead directive is associated with
typeahead-focus-on-select,,_(Defaultstrue) On selection, focus the input element the typeahead directive is associated with
typeahead-focus-on-select,,_(Defaultstrue) On selection, focus the input element the typeahead directive is associated with
typeahead-focus-on-select,,_(Defaultstrue) On selection, focus the input element the typeahead directive is associated with
typeahead-focus-on-select,,_(Defaultstrue) On selection, focus the input element the typeahead directive is associated with
typeahead-focus-on-select,,_(Defaultstrue) On selection, focus the input element the typeahead directive is associated with
typeahead-focus-on-select,,_(Defaultstrue) On selection, focus the input element the typeahead directive is associated with
typeahead-focus-on-select,,_(Defaultstrue) On selection, focus the input element the typeahead directive is associated with
typeahead-focus-on-select,,_(Defaultstrue) On selection, focus the input element the typeahead directive is associated with
typeahead-focus-on-select,,_(Defaultstrue) On selection, focus the input element the typeahead directive is associated with
typeahead-focus-on-select,,_(Defaultstrue) On selection, focus the input element the typeahead directive is associated with
typeahead-focus-on-select,,_(Defaultstrue) On selection, focus the input element the typeahead directive is associated with
typeahead-focus-on-select,,_(Defaultstrue) On selection, focus the input element the typeahead directive is associated with
typeahead-focus-on-select,,_(Defaultstrue) On selection, focus the input element the typeahead directive is associated with
typeahead-focus-on-select,,_(Defaultstrue) On selection, focus the input element the typeahead directive is associated with
typeahead-focus-on-select,,_(Defaultstrue) On selection, focus the input element the typeahead directive is associated with
typeahead-focus-on-select,,_(Defaultstrue) On selection, focus the input element the typeahead directive is associated with
typeahead-focus-on-select,,_(Defaultstrue) On selection, focus the input element the typeahead directive is associated with
typeahead-focus-on-select,,_(Defaultstrue) On selection, focus the input element the typeahead directive is associated with
typeahead-focus-on-select,,_(Defaultstrue) On selection, focus the input element the typeahead directive is associated with
typeahead-focus-on-select,,_(Defaultstrue) On selection, focus the input element the typeahead directive is associated with
typeahead-focus-on-select,,_(Defaultstrue) On selection, focus the input element the typeahead directive is associated with
typeahead-focus-on-select,,_(Defaultstrue) On selection, focus the input element the typeahead directive is associated with
typeahead-focus-on-select,,_(Defaultstrue) On selection, focus the input element the typeahead directive is associated with
typeahead-focus-on-select,,_(Defaultstrue) On selection, focus the input element the typeahead directive is associated with
typeahead-focus-on-select,,_(Defaultstrue) On selection, focus the input element the typeahead directive is associated with
typeahead-focus-on-select,,_(Defaultstrue) On selection, focus the input element the typeahead directive is associated with
typeahead-focus-on-select,,_(Defaultstrue) On selection, focus the input element the typeahead directive is associated with
typeahead-focus-on-select,,_(Defaultstrue) On selection, focus the input element the typeahead directive is associated with
typeahead-focus-on-select,,_(Defaultstrue) On selection, focus the input element the typeahead directive is associated with
typeahead-focus-on-select,,_(Defaultstrue) On selection, focus the input element the typeahead directive is associated with
typeahead-focus-on-select,,_(Defaultstrue) On selection, focus the input element the typeahead directive is associated with
typeahead-focus-on-select,,_(Defaultstrue) On selection, focus the input element the typeahead directive is associated with
typeahead-focus-on-select,,_(Defaultstrue) On selection, focus the input element the typeahead directive is associated with
typeahead-focus-on-select,,_(Defaultstrue) On selection, focus the input element the typeahead directive is associated with
typeahead-focus-on-select,,_(Defaultstrue) On selection, focus the input element the typeahead directive is associated with
typeahead-focus-on-select,,_(Defaultstrue) On selection, focus the input element the typeahead directive is associated with
typeahead-focus-on-select,,_(Defaultstrue) On selection, focus the input element the typeahead directive is associated with
typeahead-focus-on-select,,_(Defaultstrue) On selection, focus the input element the typeahead directive is associated with
typeahead-focus-on-select,,_(Defaultstrue) On selection, focus the input element the typeahead directive is associated with
typeahead-focus-on-select,,_(Defaultstrue) On selection, focus the input element the typeahead directive is associated with
typeahead-focus-on-select,,_(Defaultstrue) On selection, focus the input element the typeahead directive is associated with
typeahead-focus-on-select,,_(Defaultstrue) On selection, focus the input element the typeahead directive is associated with
typeahead-focus-on-select,,_(Defaultstrue) On selection, focus the input element the typeahead directive is associated with
typeahead-focus-on-select,,_(Defaultstrue) On selection, focus the input element the typeahead directive is associated with
typeahead-focus-on-select,,_(Defaultstrue) On selection, focus the input element the typeahead directive is associated with
typeahead-focus-on-select,,_(Defaultstrue) On selection, focus the input element the typeahead directive is associated with
typeahead-focus-on-select,,_(Defaultstrue) On selection, focus the input element the typeahead directive is associated with
typeahead-focus-on-select,,_(Defaultstrue) On selection, focus the input element the typeahead directive is associated with
typeahead-focus-on-select,,_(Defaultstrue) On selection, focus the input element the typeahead directive is associated with
typeahead-focus-on-select,,_(Defaultstrue) On selection, focus the input element the typeahead directive is associated with
typeahead-focus-on-select,,_(Defaultstrue) On selection, focus the input element the typeahead directive is associated with
typeahead-focus-on-select,,_(Defaultstrue) On selection, focus the input element the typeahead directive is associated with
typeahead-focus-on-select,,_(Defaultstrue) On selection, focus the input element the typeahead directive is associated with
typeahead-focus-on-select,,_(Defaultstrue) On selection, focus the input element the typeahead directive is associated with
typeahead-focus-on-select,,_(Defaultstrue) On selection, focus the input element the typeahead directive is associated with
typeahead-focus-on-select,,_(Defaultstrue) On selection, focus the input element the typeahead directive is associated with
typeahead-focus-on-select,,_(Defaultstrue) On selection, focus the input element the typeahead directive is associated with
typeahead-focus-on-select,,_(Defaultstrue) On selection, focus the input element the typeahead directive is associated with
typeahead-focus-on-select,,_(Defaultstrue) On selection, focus the input element the typeahead directive is associated with
typeahead-focus-on-select,,_(Defaultstrue) On selection, focus the input element the typeahead directive is associated with
typeahead-focus-on-select,,_(Defaultstrue) On selection, focus the input element the typeahead directive is associated with
typeahead-focus-on-select,,_(Defaultstrue) On selection, focus the input element the typeahead directive is associated with
typeahead-focus-on-select,,_(Defaultstrue) On selection, focus the input element the typeahead directive is associated with
typeahead-focus-on-select,,_(Defaultstrue) On selection, focus the input element the typeahead directive is associated with
typeahead-focus-on-select,,_(Defaultstrue) On selection, focus the input element the typeahead directive is associated with
typeahead-focus-on-select,,_(Defaultstrue) On selection, focus the input element the typeahead directive is associated with
typeahead-focus-on-select,,_(Defaultstrue) On selection, focus the input element the typeahead directive is associated with
typeahead-focus-on-select,,_(Defaultstrue) On selection, focus the input element the typeahead directive is associated with
typeahead-focus-on-select,,_(Defaultstrue) On selection, focus the input element the typeahead directive is associated with
typeahead-focus-on-select,,_(Defaultstrue) On selection, focus the input element the typeahead directive is associated with
typeahead-focus-on-select,,_(Defaultstrue) On selection, focus the input element the typeahead directive is associated with
typeahead-focus-on-select,,_(Defaultstrue) On selection, focus the input element the typeahead directive is associated with
typeahead-focus-on-select,,_(Defaultstrue) On selection, focus the input element the typeahead directive is associated with
typeahead-focus-on-select,,_(Defaultstrue) On selection, focus the input element the typeahead directive is associated with
typeahead-focus-on-select,,_(Defaultstrue) On selection, focus the input element the typeahead directive is associated with
typeahead-focus-on-select,,_(Defaultstrue) On selection, focus the input element the typeahead directive is associated with
typeahead-focus-on-select,,_(Defaultstrue) On selection, focus the input element the typeahead directive is associated with
typeahead-focus-on-select,,_(Defaultstrue) On selection, focus the input element the typeahead directive is associated with
typeahead-focus-on-select,,_(Defaultstrue) On selection, focus the input element the typeahead directive is associated with
typeahead-focus-on-select,,_(Defaultstrue) On selection, focus the input element the typeahead directive is associated with
typeahead-focus-on-select,,_(Defaultstrue) On selection, focus the input element the typeahead directive is associated with
typeahead-focus-on-select,,_(Defaultstrue) On selection, focus the input element the typeahead directive is associated with
typeahead-focus-on-select,,_(Defaultstrue) On selection, focus the input element the typeahead directive is associated with
typeahead-focus-on-select,,_(Defaultstrue) On selection, focus the input element the typeahead directive is associated with
typeahead-focus-on-select,,_(Defaultstrue) On selection, focus the input element the typeahead directive is associated with
typeahead-focus-on-select,,_(Defaultstrue) On selection, focus the input element the typeahead directive is associated with
typeahead-focus-on-select,,_(Defaultstrue) On selection, focus the input element the typeahead directive is associated with
typeahead-focus-on-select,,_(Defaultstrue) On selection, focus the input element the typeahead directive is associated with
typeahead-focus-on-select,,_(Defaultstrue) On selection, focus the input element the typeahead directive is associated with
typeahead-focus-on-select,,_(Defaultstrue) On selection, focus the input element the typeahead directive is associated with
typeahead-focus-on-select,,_(Defaultstrue) On selection, focus the input element the typeahead directive is associated with
typeahead-focus-on-select,,_(Defaultstrue) On selection, focus the input element the typeahead directive is associated with
typeahead-focus-on-select,,_(Defaultstrue) On selection, focus the input element the typeahead directive is associated with
typeahead-focus-on-select,,_(Defaultstrue) On selection, focus the input element the typeahead directive is associated with
typeahead-focus-on-select,,_(Defaultstrue) On selection, focus the input element the typeahead directive is associated with
typeahead-focus-on-select,,_(Defaultstrue) On selection, focus the input element the typeahead directive is associated with
typeahead-focus-on-select,,_(Defaultstrue) On selection, focus the input element the typeahead directive is associated with
typeahead-focus-on-select,,_(Defaultstrue) On selection, focus the input element the typeahead directive is associated with
typeahead-focus-on-select,,_(Defaultstrue) On selection, focus the input element the typeahead directive is associated with
typeahead-focus-on-select,,_(Defaultstrue) On selection, focus the input element the typeahead directive is associated with
typeahead-focus-on-select,,_(Defaultstrue) On selection, focus the input element the typeahead directive is associated with
typeahead-focus-on-select,,_(Defaultstrue) On selection, focus the input element the typeahead directive is associated with
typeahead-focus-on-select,,_(Defaultstrue) On selection, focus the input element the typeahead directive is associated with
typeahead-focus-on-select,,_(Defaultstrue) On selection, focus the input element the typeahead directive is associated with
typeahead-focus-on-select,,_(Defaultstrue) On selection, focus the input element the typeahead directive is associated with
typeahead-focus-on-select,,_(Defaultstrue) On selection, focus the input element the typeahead directive is associated with
typeahead-focus-on-select,,_(Defaultstrue) On selection, focus the input element the typeahead directive is associated with
typeahead-focus-on-select,,_(Defaultstrue) On selection, focus the input element the typeahead directive is associated with
typeahead-focus-on-select,,_(Defaultstrue) On selection, focus the input element the typeahead directive is associated with
typeahead-focus-on-select,,_(Defaultstrue) On selection, focus the input element the typeahead directive is associated with
typeahead-focus-on-select,,_(Defaultstrue) On selection, focus the input element the typeahead directive is associated with
